"Year","Gross","Attendance","Playing_weeks","New_Productions"
2018,1829,14.77,1737,38
2017,1697,13.79,1624,33
2016,1449,13.27,1580,45
2015,1373,13.32,1648,39
2014,1365,13.10,1626,37
2013,1269,12.21,1496,44
2012,1139,11.57,1430,46
2011,1139,12.33,1522,41
2010,1081,12.53,1588,42
2009,1020,11.89,1464,39
2008,943,12.15,1548,43
2007,938,12.27,1560,36
2006,939,12.31,1509,35
2005,862,12.00,1501,39
2004,769,11.53,1494,39
2003,771,11.61,1451,38
2002,721,11.42,1544,36
2001,643,10.95,1433,36
2000,666,11.90,1484,28
1990,603,11.39,1463,36
1998,588,11.67,1441,39
1997,558,11.48,1442,33
1996,499,10.57,1349,38
1995,436,9.47,1147,38
1994,406,9.04,1123,34
1993,356,8.12,1069,41
1992,328,7.86,1019,34
1991,293,7.38,905,37
1990,267,7.32,984,29
1989,282,8.04,1071,40
1988,262,7.95,1112,36
1987,253,8.14,1126,35
1986,208,7.05,1074,48
1985,191,6.54,1060,38
1984,209,7.25,1084,37